Joint,nRMSE (position),nRMSE (external torque),Leader impedance
Joint 2,0.0038948084105573017,-0.1110516239094783,1987.609223343931
Joint 4,0.0016548251994505986,-0.08434526284741989,381.2405472604621
