Joint,nRMSE (position),nRMSE (external torque),Leader impedance
Joint 2,0.01469023514807345,-0.07445103648560933,1032.9532206046088
Joint 4,0.005592232765388117,-0.053155690338736385,220.31380371820427
