Joint,nRMSE (position),nRMSE (external torque),Leader impedance
Joint 2,-0.03338072552020505,-8.962702588667975,1316.8996921604553
Joint 4,0.013922940525536404,-8.602744243018106,212.00627587100158
