Joint,nRMSE (position),nRMSE (external torque),Leader impedance
Joint 2,0.007125395756035751,-0.05768006366436213,2026.1209488493855
Joint 4,0.002534800213322627,-0.05485080543498902,397.9425530225609
