Joint,nRMSE (position),nRMSE (external torque),Leader impedance
Joint 2,0.006757606236514027,-0.08001482579038152,1031.1206399452694
Joint 4,0.001782082866046912,-0.06738454889720791,218.64747654360679
