Joint,nRMSE (position),nRMSE (external torque),Leader impedance
Joint 2,0.0069607607727764234,-0.1439103917773784,1096.1149386181773
Joint 4,0.0022109908513534625,-0.12299306260177778,246.31530257199393
