Joint,nRMSE (position),nRMSE (external torque),Leader impedance
Joint 2,0.003621206443249998,-0.10566057287312236,2058.1183741549075
Joint 4,0.0009394600591795506,-0.0887285377547181,444.8154772598884
