Joint,nRMSE (position),nRMSE (external torque),Leader impedance
Joint 2,0.007182545667488355,-0.05957610040493282,2006.8827521237677
Joint 4,0.0023651650443107125,-0.05456963799191106,384.76771218525545
