Joint,nRMSE (position),nRMSE (external torque),Leader impedance
Joint 2,0.006766971099585942,-0.05635772041834644,2111.0627076337337
Joint 4,0.0020071495741940926,-0.035242566776651434,469.37355654943946
