Joint,nRMSE (position),nRMSE (external torque),Leader impedance
Joint 2,0.0035456630820081495,-0.09158572045808769,2071.934690966308
Joint 4,0.00121910058614862,-0.07581090473232074,440.7673849674204
