Joint,nRMSE (position),nRMSE (external torque),Leader impedance
Joint 2,0.006995144648854496,-0.04908737442251982,2054.1737224254202
Joint 4,0.0020920484657886086,-0.04125731933422312,432.7184158584639
