Joint,nRMSE (position),nRMSE (external torque),Leader impedance
Joint 2,0.007138210215789885,-0.15614969862258743,967.6769882064356
Joint 4,0.0021631792967644068,-0.14536590759438484,187.7657256989999
