Joint,nRMSE (position),nRMSE (external torque),Leader impedance
Joint 2,0.013950063066528627,-0.03420134995391546,1028.0312356163427
Joint 4,0.0040186680677873725,-0.032183642184435195,217.27921774356204
