Joint,nRMSE (position),nRMSE (external torque),Leader impedance
Joint 2,0.014260180237830895,-0.07948432106611106,1009.1090642848261
Joint 4,0.0038296334712452293,-0.061256869901295606,212.92810391553726
