Joint,nRMSE (position),nRMSE (external torque),Leader impedance
Joint 2,0.014694211634353626,-0.03602885506417932,1042.75072943695
Joint 4,0.004347640527652859,-0.029982290311879285,224.15434585664747
