Joint,nRMSE (position),nRMSE (external torque),Leader impedance
Joint 2,0.007205764977799398,-0.06502323340390902,1051.0476616101332
Joint 4,0.0029157066770393912,-0.03969365796520248,218.27734398202293
