Joint,nRMSE (position),nRMSE (external torque),Leader impedance
Joint 2,0.003770449676935416,-0.11894366633773132,1989.7633265821198
Joint 4,0.0014819764811889553,-0.09527259492531638,367.7021192778199
